step	accuracy
0	0.01746031746031746
0	0.01746031746031746
