step	accuracy
0	0.01746031746031746
0	0.01746031746031746
0	0.03968253968253968
0	0.03968253968253968
